1,Words
2,Adult
3,Aeroplane
4,Air
5,Aircraft Carrier
6,Airforce
7,Airport
8,Album
9,Alphabet
10,Apple
11,Arm
12,Army
13,Baby
14,Baby
15,Backpack
16,Balloon
17,Banana
18,Bank
19,Barbecue
20,Bathroom
21,Bathtub
22,Bed
23,Bed
24,Bee
25,Bible
26,Bible
27,Bird
28,Bomb
29,Book
30,Boss
31,Bottle
32,Bowl
33,Box
34,Boy
35,Brain
36,Bridge
37,Butterfly
38,Button
39,Cappuccino
40,Car
41,Car-race
42,Carpet
43,Carrot
44,Cave
45,Chair
46,Chess Board
47,Chief
48,Child
49,Chisel
50,Chocolates
51,Church
52,Church
53,Circle
54,Circus
55,Circus
56,Clock
57,Clown
58,Coffee
59,Coffee-shop
60,Comet
61,Compact Disc
62,Compass
63,Computer
64,Crystal
65,Cup
66,Cycle
67,Data Base
68,Desk
69,Diamond
70,Dress
71,Drill
72,Drink
73,Drum
74,Dung
75,Ears
76,Earth
77,Egg
78,Electricity
79,Elephant
80,Eraser
81,Explosive
82,Eyes
83,Family
84,Fan
85,Feather
86,Festival
87,Film
88,Finger
89,Fire
90,Floodlight
91,Flower
92,Foot
93,Fork
94,Freeway
95,Fruit
96,Fungus
97,Game
98,Garden
99,Gas
100,Gate
101,Gemstone
102,Girl
103,Gloves
104,God
105,Grapes
106,Guitar
107,Hammer
108,Hat
109,Hieroglyph
110,Highway
111,Horoscope
112,Horse
113,Hose
114,Ice
115,Ice-cream
116,Insect
117,Jet fighter
118,Junk
119,Kaleidoscope
120,Kitchen
121,Knife
122,Leather jacket
123,Leg
124,Library
125,Liquid
126,Magnet
127,Man
128,Map
129,Maze
130,Meat
131,Meteor
132,Microscope
133,Milk
134,Milkshake
135,Mist
136,Money $$$$
137,Monster
138,Mosquito
139,Mouth
140,Nail
141,Navy
142,Necklace
143,Needle
144,Onion
145,PaintBrush
146,Pants
147,Parachute
148,Passport
149,Pebble
150,Pendulum
151,Pepper
152,Perfume
153,Pillow
154,Plane
155,Planet
156,Pocket
157,Post-office
158,Potato
159,Printer
160,Prison
161,Pyramid
162,Radar
163,Rainbow
164,Record
165,Restaurant
166,Rifle
167,Ring
168,Robot
169,Rock
170,Rocket
171,Roof
172,Room
173,Rope
174,Saddle
175,Salt
176,Sandpaper
177,Sandwich
178,Satellite
179,School
180,Sex
181,Ship
182,Shoes
183,Shop
184,Shower
185,Signature
186,Skeleton
187,Slave
188,Snail
189,Software
190,Solid
191,Space Shuttle
192,Spectrum
193,Sphere
194,Spice
195,Spiral
196,Spoon
197,Sports-car
198,Spot Light
199,Square
200,Staircase
201,Star
202,Stomach
203,Sun
204,Sunglasses
205,Surveyor
206,Swimming Pool
207,Sword
208,Table
209,Tapestry
210,Teeth
211,Telescope
212,Television
213,Tennis racquet
214,Thermometer
215,Tiger
216,Toilet
217,Tongue
218,Torch
219,Torpedo
220,Train
221,Treadmill
222,Triangle
223,Tunnel
224,Typewriter
225,Umbrella
226,Vacuum
227,Vampire
228,Videotape
229,Vulture
230,Water
231,Weapon
232,Web
233,Wheelchair
234,Window
235,Woman
236,Worm
237,X-ray
